variable,importancia,sd
promedio_academico,0.2127721392445671,0.011611335133188076
puntaje_icfes_percentil,0.12443003144654086,0.00990441242014064
materias_reprobadas,0.0886148516783763,0.0011039918519696304
estrato_socioeconomico,0.022025773221295158,0.003570612383055338
nivel_educativo_madre_num,0.02115225624744062,0.01629457704611271
trabaja_mientras_estudia,0.020980997792098943,0.008258504932567183
estado_civil,0.007791994750656173,0.005509772327158961
sexo,0.006479340881808386,0.009777574497657884
departamento,0.002744387357438982,0.007863885473373336
edad_ingreso,0.0026647286821705287,0.0018842477211850732
area_conocimiento,0.00031438468938471686,0.010601707061236545
beneficiario_icetex,-0.00022900262467192198,0.009825009895342782
beneficiario_beca,-0.0027066929133858033,0.0019139209136446742
zona_residencia,-0.004987204333134598,0.006564991565364516
nivel_educativo_padre_num,-0.0051889407719383955,0.004764964303567837
metodologia,-0.009043927648578828,0.00661233183332744
sector_ies,-0.01872614503816794,0.012465596655385151
distancia_hogar_ies_km,-0.024761357983786647,0.004584228681277723
nivel_formacion,-0.029811863034291692,0.011100638178435974
semestre_cursado,-0.030275128984706117,0.0062971889717627185
