normalización,f1_ponderado,sd,f1_desertor,recall_desertor
Sin normalización,0.7144283463279854,0.013751938721452932,0.5317009158526359,0.5303030303030303
StandardScaler,0.7152588290510703,0.013328419408047788,0.5326870412969656,0.5303030303030303
MinMaxScaler,0.7123217213583354,0.015709964491296434,0.5288437729954931,0.5265151515151515
MaxAbsScaler,0.7140751428105415,0.01611320475731394,0.5308941560496445,0.5265151515151515
RobustScaler,0.7152588290510703,0.013328419408047788,0.5326870412969656,0.5303030303030303
Quantile (uniforme),0.7027506098235153,0.004362772144702047,0.5186535365969132,0.5303030303030303
Quantile (normal),0.6571794796911271,0.01239832836149723,0.5265523083319693,0.5340909090909092
PowerTransformer,0.7118374717143299,0.0065707573839305766,0.5370500330902506,0.5454545454545454
Normalizer (L2),0.679638098037176,0.014371140922109747,0.4743048793681705,0.42424242424242425
